,,
6,Million,Million
9,Billion,Milliard
12,Trillion,Billion
15,Quadrillion,Billiard
18,Quintillion,Trillion
21,Sextillion,Trilliard
24,Septillion,Quadrillion
27,Octillion,Quadrilliard
30,Nonillion,Quintillion
33,Decillion,Quintilliard
36,Undecillion,Sextillion
39,Duodecillion,Sextilliard
42,Tredecillion,Septillion
45,Quattuordecillion,Septilliard
48,Quindecillion,Octillion
51,Sedecillion,Octilliard
54,Septendecillion,Nonillion
57,Octodecillion,Nonilliard
60,Novendecillion,Decillion
63,Vigintillion,Decilliard
66,Unvigintillion,Undecillion
69,Duovigintillion,Undecilliard
72,Tresvigintillion,Duodecillion
75,Quattuor­vigint­illion,Duodecilliard
78,Quinvigintillion,Tredecillion
81,Sesvigintillion,Tredecilliard
84,Septemvigintillion,Quattuordecillion
87,Octovigintillion,Quattuordecilliard
90,Novemvigintillion,Quindecillion
93,Trigintillion,Quindecilliard
96,Untrigintillion,Sedecillion
99,Duotrigintillion,Sedecilliard
100,Googol,Googol
102,Trestrigintillion,Septendecillion
105,Quattuor­trigint­illion,Septendecilliard
108,Quintrigintillion,Octodecillion
111,Sestrigintillion,Octodecilliard
114,Septentrigintillion,Novendecillion
117,Octotrigintillion,Novendecilliard
120,Noventrigintillion,Vigintillion
123,Quadragintillion,Vigintilliard
153,Quinquagintillion,Quinvigintilliard
183,Sexagintillion,Trigintilliard
213,Septuagintillion,Quintrigintilliard
243,Octogintillion,Quadragintilliard
273,Nonagintillion,Quin­quadra­gint­illiard
303,Centillion,Quinquagintilliard
306,Uncentillion,Unquinquagintillion
333,Decicentillion,Quin­quinqua­gint­illiard
336,Undecicentillion,Ses­quinqua­gint­illion
363,Viginticentillion,Sexagintilliard
366,Unviginticentillion,Unsexagintillion
393,Trigintacentillion,Quinsexagintilliard
423,Quadra­gintacent­illion,Septuagintilliard
453,Quinqua­gintacent­illion,Quin­septua­gint­illiard
483,Sexagintacentillion,Octogintilliard
513,Septuagintacentillion,Quinoctogintilliard
543,Octogintacentillion,Nonagintilliard
573,Nonagintacentillion,Quinnonagintilliard
603,Ducentillion,Centilliard
903,Trecentillion,Quinqua­gintacent­illiard
1203,Quadringentillion,Ducentilliard
1503,Quingentillion,Quinqua­gintaducent­illiard
1803,Sescentillion,Trecentilliard
2103,Septingentillion,Quinqua­gintatrecent­illiard
2403,Octingentillion,Quadringentilliard
2703,Nongentillion,Quinqua­ginta­quadringent­illiard
3003,Millinillion,Quingentilliard